symbol,date,open,high,low,close,volume,year,month,week,weekday
"NOS","2011-03-03","14.2","14.2","14.2","14.2","100","2011","03","9","Thursday"
"NOS","2011-03-25","12.8","12.8","12.8","12.8","100","2011","03","12","Friday"
"NOS","2011-03-28","11.6","11.6","11.6","11.6","100","2011","03","13","Monday"
"NOS","2011-05-11","10.4","10.4","7.5","10.4","1200","2011","05","19","Wednesday"
"NOS","2011-05-12","9.2","9.2","9.2","9.2","100","2011","05","19","Thursday"
"NOS","2011-06-03","9.5","9.5","9.5","9.5","100","2011","06","22","Friday"
"NOS","2011-06-24","8.6","8.6","8.6","8.6","100","2011","06","25","Friday"
"NOS","2011-06-27","7.8","7.8","7.8","7.8","100","2011","06","26","Monday"
"NOS","2011-06-28","8.3","8.3","7.1","7.1","500","2011","06","26","Tuesday"
"NOS","2011-06-29","7.1","7.1","7.1","7.1","200","2011","06","26","Wednesday"
"NOS","2011-06-30","6.4","6.4","6.4","6.4","100","2011","06","26","Thursday"
"NOS","2011-07-01","5.8","5.8","5.8","5.8","100","2011","07","26","Friday"
"NOS","2011-07-05","5.3","5.3","5.3","5.3","300","2011","07","27","Tuesday"
"NOS","2011-07-06","4.8","4.8","4.8","4.8","200","2011","07","27","Wednesday"
"NOS","2011-07-07","4.4","4.4","4.4","4.4","100","2011","07","27","Thursday"
"NOS","2011-07-08","4","4","4","4","100","2011","07","27","Friday"
"NOS","2011-07-11","3.6","3.6","3.6","3.6","3100","2011","07","28","Monday"
"NOS","2011-07-12","3.3","3.3","3.3","3.3","1300","2011","07","28","Tuesday"
"NOS","2011-07-20","3.6","3.6","3.1","3.1","300","2011","07","29","Wednesday"
"NOS","2011-07-21","3.6","3.6","3.6","3.6","100","2011","07","29","Thursday"
"NOS","2011-07-22","3.3","3.3","3.3","3.3","200","2011","07","29","Friday"
"NOS","2011-07-25","3","3.6","3","3.6","600","2011","07","30","Monday"
"NOS","2011-07-26","3.5","3.5","3","3","200","2011","07","30","Tuesday"
"NOS","2011-07-28","3","3","3","3","700","2011","07","30","Thursday"
"NOS","2011-07-29","3.2","3.2","2.7","2.7","300","2011","07","30","Friday"
"NOS","2011-08-01","2.7","2.7","2.7","2.7","1200","2011","08","31","Monday"
"NOS","2011-08-02","2.9","2.9","2.5","2.5","300","2011","08","31","Tuesday"
"NOS","2011-08-03","2.6","2.6","2.6","2.6","700","2011","08","31","Wednesday"
"NOS","2011-08-04","2.7","2.7","2.7","2.7","200","2011","08","31","Thursday"
"NOS","2011-08-05","2.8","2.8","2.8","2.8","200","2011","08","31","Friday"
"NOS","2011-08-08","2.8","2.8","2.8","2.8","300","2011","08","32","Monday"
"NOS","2011-08-09","2.8","2.8","2.8","2.8","100","2011","08","32","Tuesday"
"NOS","2011-08-10","2.8","2.8","2.7","2.7","500","2011","08","32","Wednesday"
"NOS","2011-08-11","2.8","2.8","2.8","2.8","500","2011","08","32","Thursday"
"NOS","2011-08-12","3","3","2.8","2.8","1600","2011","08","32","Friday"
"NOS","2011-08-15","2.8","3","2.7","2.7","1300","2011","08","33","Monday"
"NOS","2011-08-16","3","3","3","3","100","2011","08","33","Tuesday"
"NOS","2011-08-18","2.8","3.2","2.8","3.2","800","2011","08","33","Thursday"
"NOS","2011-08-22","2.8","2.9","2.8","2.8","3400","2011","08","34","Monday"
"NOS","2011-08-23","2.6","2.6","2.6","2.6","200","2011","08","34","Tuesday"
"NOS","2011-08-24","2.8","2.8","2.8","2.8","300","2011","08","34","Wednesday"
"NOS","2011-08-25","2.6","3","2.6","3","700","2011","08","34","Thursday"
"NOS","2011-08-26","3","3","3","3","200","2011","08","34","Friday"
"NOS","2011-08-30","3.1","3.1","3","3","1200","2011","08","35","Tuesday"
"NOS","2011-08-31","3.3","3.3","3.3","3.3","100","2011","08","35","Wednesday"
"NOS","2011-09-01","3","3","3","3","200","2011","09","35","Thursday"
"NOS","2011-09-05","2.7","2.7","2.7","2.7","200","2011","09","36","Monday"
"NOS","2011-09-06","2.7","2.7","2.7","2.7","100","2011","09","36","Tuesday"
"NOS","2011-09-07","2.5","2.9","2.5","2.9","1800","2011","09","36","Wednesday"
"NOS","2011-09-08","3.1","3.1","3.1","3.1","100","2011","09","36","Thursday"
"NOS","2011-09-09","2.9","3.4","2.9","3.4","400","2011","09","36","Friday"
"NOS","2011-09-13","3.6","3.6","3.6","3.6","100","2011","09","37","Tuesday"
"NOS","2011-09-14","3.6","3.9","3.6","3.9","2500","2011","09","37","Wednesday"
"NOS","2011-09-15","3.4","3.9","3.4","3.9","700","2011","09","37","Thursday"
"NOS","2011-09-16","3.5","3.5","3.5","3.5","200","2011","09","37","Friday"
"NOS","2011-09-19","3.2","3.2","3.2","3.2","200","2011","09","38","Monday"
"NOS","2011-09-20","3","3","3","3","100","2011","09","38","Tuesday"
"NOS","2011-09-21","3","3","3","3","1000","2011","09","38","Wednesday"
"NOS","2011-09-22","2.8","2.8","2.8","2.8","100","2011","09","38","Thursday"
"NOS","2011-09-27","2.9","2.9","2.9","2.9","100","2011","09","39","Tuesday"
"NOS","2011-10-03","2.7","2.7","2.7","2.7","200","2011","10","40","Monday"
"NOS","2011-10-05","2.9","2.9","2.9","2.9","100","2011","10","40","Wednesday"
"NOS","2011-10-10","2.7","2.7","2.7","2.7","200","2011","10","41","Monday"
"NOS","2011-10-11","2.9","2.9","2.9","2.9","100","2011","10","41","Tuesday"
"NOS","2011-10-12","3.1","3.1","3.1","3.1","100","2011","10","41","Wednesday"
"NOS","2011-10-13","3.4","3.4","3.1","3.1","2500","2011","10","41","Thursday"
"NOS","2011-10-14","3.2","3.2","3.2","3.2","500","2011","10","41","Friday"
"NOS","2011-10-18","2.9","2.9","2.9","2.9","200","2011","10","42","Tuesday"
"NOS","2011-10-20","2.7","2.7","2.7","2.7","200","2011","10","42","Thursday"
"NOS","2011-10-21","2.5","2.5","2.5","2.5","200","2011","10","42","Friday"
"NOS","2011-10-24","2.7","2.7","2.7","2.7","100","2011","10","43","Monday"
"NOS","2011-10-26","2.9","2.9","2.9","2.9","100","2011","10","43","Wednesday"
"NOS","2011-10-27","2.7","2.7","2.7","2.7","200","2011","10","43","Thursday"
"NOS","2011-10-31","2.8","2.8","2.8","2.8","200","2011","10","44","Monday"
"NOS","2011-11-01","2.6","2.6","2.6","2.6","100","2011","11","44","Tuesday"
"NOS","2011-11-07","2.4","2.4","2.4","2.4","200","2011","11","45","Monday"
"NOS","2011-11-08","2.6","2.6","2.6","2.6","3000","2011","11","45","Tuesday"
"NOS","2011-11-10","2.4","2.4","2.4","2.4","100","2011","11","45","Thursday"
"NOS","2011-11-11","2.2","2.2","2.2","2.2","100","2011","11","45","Friday"
"NOS","2011-11-14","2","2","2","2","200","2011","11","46","Monday"
"NOS","2011-11-15","1.8","1.8","1.8","1.8","200","2011","11","46","Tuesday"
"NOS","2011-11-22","1.9","1.9","1.9","1.9","2000","2011","11","47","Tuesday"
"NOS","2011-11-24","2","2","2","2","100","2011","11","47","Thursday"
"NOS","2011-11-25","2","2","2","2","2100","2011","11","47","Friday"
"NOS","2011-11-28","1.8","1.8","1.8","1.8","1200","2011","11","48","Monday"
"NOS","2011-11-29","1.9","1.9","1.9","1.9","6300","2011","11","48","Tuesday"
"NOS","2011-11-30","2","2","2","2","500","2011","11","48","Wednesday"
"NOS","2011-12-01","2.2","2.2","2.2","2.2","1000","2011","12","48","Thursday"
"NOS","2011-12-02","2.1","2.1","2.1","2.1","4000","2011","12","48","Friday"
"NOS","2011-12-08","1.9","2.2","1.9","2.2","600","2011","12","49","Thursday"
"NOS","2011-12-09","2.1","2.1","2.1","2.1","2500","2011","12","49","Friday"
"NOS","2011-12-15","1.9","1.9","1.9","1.9","100","2011","12","50","Thursday"
"NOS","2011-12-23","1.8","1.8","1.8","1.8","100","2011","12","51","Friday"
"NOS","2011-12-27","1.9","1.9","1.9","1.9","3000","2011","12","52","Tuesday"
"NOS","2011-12-28","2","2","1.8","1.8","300","2011","12","52","Wednesday"
"NOS","2011-12-29","1.9","1.9","1.8","1.8","3000","2011","12","52","Thursday"
"NOS","2011-12-30","1.9","1.9","1.9","1.9","1000","2011","12","52","Friday"
"NOS","2012-01-03","1.8","1.8","1.8","1.8","100","2012","01","1","Tuesday"
"NOS","2012-01-04","1.9","1.9","1.9","1.9","100","2012","01","1","Wednesday"
"NOS","2012-01-05","1.8","1.8","1.8","1.8","100","2012","01","1","Thursday"
"NOS","2012-01-06","1.8","1.8","1.8","1.8","14400","2012","01","1","Friday"
"NOS","2012-01-09","1.9","1.9","1.9","1.9","10000","2012","01","2","Monday"
"NOS","2012-01-10","2","2","2","2","14900","2012","01","2","Tuesday"
"NOS","2012-01-11","2.1","2.1","2","2","15000","2012","01","2","Wednesday"
"NOS","2012-01-12","2","2","2","2","15200","2012","01","2","Thursday"
"NOS","2012-01-16","2","2.2","1.8","2.2","21800","2012","01","3","Monday"
"NOS","2012-01-17","1.5","1.5","1.4","1.5","9300","2012","01","3","Tuesday"
"NOS","2012-01-18","1.5","1.5","1.3","1.4","31100","2012","01","3","Wednesday"
"NOS","2012-01-19","1.3","1.4","1.3","1.4","900","2012","01","3","Thursday"
"NOS","2012-01-20","1.4","1.4","1.4","1.4","1300","2012","01","3","Friday"
"NOS","2012-01-30","1.4","1.4","1.4","1.4","900","2012","01","5","Monday"
"NOS","2012-01-31","1.4","1.5","1.4","1.5","9700","2012","01","5","Tuesday"
"NOS","2012-02-01","1.4","1.6","1.4","1.6","2000","2012","02","5","Wednesday"
"NOS","2012-02-02","1.7","1.7","1.6","1.7","7500","2012","02","5","Thursday"
"NOS","2012-02-03","1.6","1.8","1.6","1.8","6100","2012","02","5","Friday"
"NOS","2012-02-06","1.9","1.9","1.9","1.9","1400","2012","02","6","Monday"
"NOS","2012-02-07","1.9","2","1.9","1.9","2800","2012","02","6","Tuesday"
"NOS","2012-02-08","2","2","2","2","6100","2012","02","6","Wednesday"
"NOS","2012-02-09","2","2.2","1.9","2.2","1400","2012","02","6","Thursday"
"NOS","2012-02-10","1.9","2.2","1.9","2.2","6700","2012","02","6","Friday"
"NOS","2012-02-13","2.2","2.2","2.2","2.2","1800","2012","02","7","Monday"
"NOS","2012-02-14","2.4","2.4","2.4","2.4","100","2012","02","7","Tuesday"
"NOS","2012-02-15","2.4","2.4","2.4","2.4","10300","2012","02","7","Wednesday"
"NOS","2012-02-17","2.2","2.3","2.2","2.3","700","2012","02","7","Friday"
"NOS","2012-02-20","2.4","2.5","2.4","2.5","300","2012","02","8","Monday"
"NOS","2012-02-22","2.5","2.7","2.5","2.7","1200","2012","02","8","Wednesday"
"NOS","2012-02-24","2.4","2.4","2.4","2.4","5000","2012","02","8","Friday"
"NOS","2012-02-27","2.4","2.4","2.3","2.3","14500","2012","02","9","Monday"
"NOS","2012-02-28","2.6","2.6","2.4","2.4","7800","2012","02","9","Tuesday"
"NOS","2012-02-29","2.4","2.4","2.4","2.4","13800","2012","02","9","Wednesday"
"NOS","2012-03-01","2.4","2.4","2.4","2.4","5700","2012","03","9","Thursday"
"NOS","2012-03-02","2.5","2.6","2.5","2.6","10000","2012","03","9","Friday"
"NOS","2012-03-05","2.8","2.8","2.8","2.8","2600","2012","03","10","Monday"
"NOS","2012-03-06","3","3","2.9","2.9","4800","2012","03","10","Tuesday"
"NOS","2012-03-07","3","3","3","3","300","2012","03","10","Wednesday"
"NOS","2012-03-08","2.8","2.8","2.8","2.8","700","2012","03","10","Thursday"
"NOS","2012-03-13","2.8","3","2.8","3","7200","2012","03","11","Tuesday"
"NOS","2012-03-14","3.1","3.1","2.9","2.9","3800","2012","03","11","Wednesday"
"NOS","2012-03-15","3.3","3.3","3.3","3.3","1000","2012","03","11","Thursday"
"NOS","2012-03-16","3.3","3.3","3.3","3.3","1600","2012","03","11","Friday"
"NOS","2012-03-19","3.5","3.5","3.5","3.5","1000","2012","03","12","Monday"
"NOS","2012-03-20","3.2","3.2","3.2","3.2","100","2012","03","12","Tuesday"
"NOS","2012-03-21","3.5","3.5","3","3.1","17000","2012","03","12","Wednesday"
"NOS","2012-03-22","3.4","3.4","3.1","3.1","2300","2012","03","12","Thursday"
"NOS","2012-03-23","3.5","3.5","3","3","37500","2012","03","12","Friday"
"NOS","2012-03-26","3.4","3.4","3.4","3.4","7000","2012","03","13","Monday"
"NOS","2012-03-27","3.1","3.1","3.1","3.1","14100","2012","03","13","Tuesday"
"NOS","2012-03-28","3.1","3.1","3.1","3.1","5100","2012","03","13","Wednesday"
"NOS","2012-03-29","2.9","2.9","2.9","2.9","10000","2012","03","13","Thursday"
"NOS","2012-03-30","2.9","2.9","2.9","2.9","2300","2012","03","13","Friday"
"NOS","2012-04-03","3.1","3.1","3.1","3.1","100","2012","04","14","Tuesday"
"NOS","2012-04-04","2.8","2.8","2.8","2.8","13400","2012","04","14","Wednesday"
"NOS","2012-04-05","2.6","2.6","2.6","2.6","3600","2012","04","14","Thursday"
"NOS","2012-04-09","2.7","2.7","2.7","2.7","700","2012","04","15","Monday"
"NOS","2012-04-12","2.9","2.9","2.9","2.9","100","2012","04","15","Thursday"
"NOS","2012-04-13","3","3","3","3","300","2012","04","15","Friday"
"NOS","2012-04-16","3","3","3","3","1000","2012","04","16","Monday"
"NOS","2012-04-17","2.7","2.7","2.7","2.7","1000","2012","04","16","Tuesday"
"NOS","2012-04-20","2.9","2.9","2.9","2.9","100","2012","04","16","Friday"
"NOS","2012-04-23","3.1","3.1","3.1","3.1","100","2012","04","17","Monday"
"NOS","2012-04-26","3","3","3","3","100","2012","04","17","Thursday"
"NOS","2012-05-08","3","3","2.9","2.9","3100","2012","05","19","Tuesday"
"NOS","2012-05-09","2.7","2.7","2.7","2.7","200","2012","05","19","Wednesday"
"NOS","2012-05-10","2.5","2.5","2.5","2.5","28700","2012","05","19","Thursday"
"NOS","2012-05-15","2.3","2.3","2.3","2.3","3600","2012","05","20","Tuesday"
"NOS","2012-05-16","2.1","2.1","2.1","2.1","11000","2012","05","20","Wednesday"
"NOS","2012-05-21","2.2","2.2","2.2","2.2","3800","2012","05","21","Monday"
"NOS","2012-05-22","2.4","2.4","2.4","2.4","700","2012","05","21","Tuesday"
"NOS","2012-05-25","2.6","2.6","2.6","2.6","300","2012","05","21","Friday"
"NOS","2012-05-30","2.7","2.7","2.7","2.7","100","2012","05","22","Wednesday"
"NOS","2012-06-06","2.8","2.8","2.8","2.8","1200","2012","06","23","Wednesday"
"NOS","2012-06-08","3","3","3","3","2000","2012","06","23","Friday"
"NOS","2012-06-12","2.7","2.7","2.7","2.7","200","2012","06","24","Tuesday"
"NOS","2012-06-13","2.5","2.5","2.5","2.5","100","2012","06","24","Wednesday"
"NOS","2012-06-18","2.7","2.7","2.7","2.7","100","2012","06","25","Monday"
"NOS","2012-06-29","2.5","2.5","2.5","2.5","4300","2012","06","26","Friday"
"NOS","2012-07-06","2.5","2.5","2.5","2.5","27400","2012","07","27","Friday"
"NOS","2012-07-09","2.5","2.5","2.5","2.5","5000","2012","07","28","Monday"
"NOS","2012-07-10","2.5","2.5","2.5","2.5","800","2012","07","28","Tuesday"
"NOS","2012-07-18","2.5","2.5","2.5","2.5","1700","2012","07","29","Wednesday"
"NOS","2012-07-20","2.5","2.5","2.5","2.5","1200","2012","07","29","Friday"
"NOS","2012-08-13","2.5","2.5","2.5","2.5","5400","2012","08","33","Monday"
"NOS","2012-08-22","2.7","2.7","2.7","2.7","100","2012","08","34","Wednesday"
"NOS","2012-08-27","2.9","2.9","2.9","2.9","100","2012","08","35","Monday"
"NOS","2012-08-29","2.9","2.9","2.9","2.9","100","2012","08","35","Wednesday"
"NOS","2012-08-30","2.7","2.7","2.7","2.7","1300","2012","08","35","Thursday"
"NOS","2012-09-12","2.5","2.5","2.5","2.5","100","2012","09","37","Wednesday"
"NOS","2012-09-19","2.3","2.3","2.3","2.3","100","2012","09","38","Wednesday"
"NOS","2012-09-21","2.3","2.3","2.3","2.3","5000","2012","09","38","Friday"
"NOS","2012-09-25","2.1","2.1","2.1","2.1","100","2012","09","39","Tuesday"
"NOS","2012-10-10","1.9","1.9","1.9","1.9","3300","2012","10","41","Wednesday"
"NOS","2012-10-11","1.8","1.8","1.8","1.8","2100","2012","10","41","Thursday"
"NOS","2012-10-17","1.7","1.7","1.7","1.7","5000","2012","10","42","Wednesday"
"NOS","2012-10-24","1.8","1.8","1.8","1.8","500","2012","10","43","Wednesday"
"NOS","2012-11-05","1.9","1.9","1.9","1.9","100","2012","11","45","Monday"
"NOS","2012-11-15","1.9","1.9","1.9","1.9","1000","2012","11","46","Thursday"
"NOS","2012-11-19","1.8","1.8","1.8","1.8","1500","2012","11","47","Monday"
"NOS","2012-12-20","1.7","1.7","1.7","1.7","100","2012","12","51","Thursday"
"NOS","2012-12-21","1.6","1.6","1.6","1.6","100","2012","12","51","Friday"
"NOS","2012-12-25","1.5","1.5","1.5","1.5","100","2012","12","52","Tuesday"
"NOS","2012-12-26","1.6","1.6","1.4","1.4","4800","2012","12","52","Wednesday"
"NOS","2012-12-27","1.5","1.5","1.5","1.5","400","2012","12","52","Thursday"
"NOS","2012-12-28","1.4","1.4","1.4","1.4","300","2012","12","52","Friday"
"NOS","2013-01-08","1.5","1.5","1.5","1.5","100","2013","01","2","Tuesday"
"NOS","2013-01-09","1.6","1.6","1.6","1.6","1000","2013","01","2","Wednesday"
"NOS","2013-01-10","1.7","1.7","1.7","1.7","100","2013","01","2","Thursday"
"NOS","2013-01-11","1.8","1.8","1.8","1.8","100","2013","01","2","Friday"
"NOS","2013-01-16","1.9","1.9","1.9","1.9","1000","2013","01","3","Wednesday"
"NOS","2013-01-17","2","2","2","2","100","2013","01","3","Thursday"
"NOS","2013-01-21","2.1","2.1","2","2","8300","2013","01","4","Monday"
"NOS","2013-01-22","1.9","1.9","1.9","1.9","2200","2013","01","4","Tuesday"
"NOS","2013-01-29","1.8","1.8","1.8","1.8","100","2013","01","5","Tuesday"
"NOS","2013-02-04","1.7","1.7","1.7","1.7","100","2013","02","6","Monday"
"NOS","2013-02-06","1.6","1.6","1.6","1.6","400","2013","02","6","Wednesday"
"NOS","2013-02-18","1.7","1.7","1.7","1.7","100","2013","02","8","Monday"
"NOS","2013-02-27","1.6","1.6","1.6","1.6","1500","2013","02","9","Wednesday"
"NOS","2013-03-06","1.6","1.6","1.6","1.6","4900","2013","03","10","Wednesday"
"NOS","2013-03-11","1.5","1.5","1.5","1.5","100","2013","03","11","Monday"
"NOS","2013-03-14","1.5","1.5","1.5","1.5","100","2013","03","11","Thursday"
"NOS","2013-03-15","1.6","1.6","1.6","1.6","800","2013","03","11","Friday"
"NOS","2013-03-18","1.7","1.7","1.7","1.7","500","2013","03","12","Monday"
"NOS","2013-03-19","1.7","1.7","1.7","1.7","2000","2013","03","12","Tuesday"
"NOS","2013-03-25","1.7","1.7","1.6","1.6","9600","2013","03","13","Monday"
"NOS","2013-03-26","1.7","1.7","1.7","1.7","61500","2013","03","13","Tuesday"
"NOS","2013-03-27","1.7","1.7","1.7","1.7","3600","2013","03","13","Wednesday"
"NOS","2013-03-29","1.8","1.8","1.8","1.8","10100","2013","03","13","Friday"
"NOS","2013-04-01","1.8","1.8","1.8","1.8","3000","2013","04","14","Monday"
"NOS","2013-04-02","1.7","1.7","1.7","1.7","3100","2013","04","14","Tuesday"
"NOS","2013-04-11","1.7","1.7","1.7","1.7","1000","2013","04","15","Thursday"
"NOS","2013-04-17","1.6","1.6","1.6","1.6","12100","2013","04","16","Wednesday"
"NOS","2013-04-24","1.6","1.6","1.6","1.6","2000","2013","04","17","Wednesday"
"NOS","2013-04-25","1.6","1.6","1.6","1.6","2000","2013","04","17","Thursday"
"NOS","2013-04-26","1.6","1.6","1.6","1.6","100","2013","04","17","Friday"
"NOS","2013-08-30","2","2","2","2","100","2013","08","35","Friday"
"NOS","2013-09-27","2","2","2","2","1000","2013","09","39","Friday"
"NOS","2013-10-04","1.8","1.8","1.8","1.8","1000","2013","10","40","Friday"
"NOS","2013-10-16","1.7","1.7","1.7","1.7","1000","2013","10","42","Wednesday"
"NOS","2013-10-21","1.6","1.6","1.6","1.6","1000","2013","10","43","Monday"
"NOS","2013-10-22","1.5","1.5","1.5","1.5","1000","2013","10","43","Tuesday"
"NOS","2013-10-24","1.4","1.5","1.4","1.4","1000","2013","10","43","Thursday"
"NOS","2013-10-25","1.3","1.3","1.3","1.3","1000","2013","10","43","Friday"
"NOS","2013-10-29","1.2","1.2","1.2","1.2","1000","2013","10","44","Tuesday"
"NOS","2013-10-30","1.1","1.1","1.1","1.1","100","2013","10","44","Wednesday"
"NOS","2013-10-31","1","1","1","1","100","2013","10","44","Thursday"
"NOS","2013-11-01","0.9","0.9","0.9","0.9","100","2013","11","44","Friday"
"NOS","2013-11-11","0.9","0.9","0.8","0.8","1100","2013","11","46","Monday"
"NOS","2013-11-12","0.7","0.9","0.7","0.9","800","2013","11","46","Tuesday"
"NOS","2013-11-13","0.9","1","0.9","1","5100","2013","11","46","Wednesday"
"NOS","2013-11-15","1.1","1.1","1","1","2500","2013","11","46","Friday"
"NOS","2013-11-18","1.2","1.2","1.2","1.2","1000","2013","11","47","Monday"
"NOS","2013-11-19","1.3","1.3","1.3","1.3","100","2013","11","47","Tuesday"
"NOS","2013-11-20","1.2","1.2","1.2","1.2","1400","2013","11","47","Wednesday"
"NOS","2013-11-21","1.3","1.3","1.3","1.3","4300","2013","11","47","Thursday"
"NOS","2013-11-22","1.4","1.4","1.3","1.3","6000","2013","11","47","Friday"
"NOS","2013-11-25","1.4","1.4","1.4","1.4","6000","2013","11","48","Monday"
"NOS","2013-11-26","1.5","1.5","1.5","1.5","100","2013","11","48","Tuesday"
"NOS","2013-11-27","1.6","1.6","1.6","1.6","600","2013","11","48","Wednesday"
"NOS","2013-11-28","1.6","1.7","1.6","1.7","5800","2013","11","48","Thursday"
"NOS","2013-11-29","1.8","1.8","1.6","1.8","8500","2013","11","48","Friday"
"NOS","2013-12-02","1.8","1.8","1.8","1.8","1000","2013","12","49","Monday"
"NOS","2013-12-03","1.8","1.9","1.8","1.9","600","2013","12","49","Tuesday"
"NOS","2013-12-04","2","2","1.9","1.9","600","2013","12","49","Wednesday"
"NOS","2013-12-05","1.9","1.9","1.9","1.9","1500","2013","12","49","Thursday"
"NOS","2013-12-25","1.8","2","1.8","2","2100","2013","12","52","Wednesday"
"NOS","2013-12-26","1.7","1.7","1.7","1.7","400","2013","12","52","Thursday"
"NOS","2014-01-06","1.8","1.8","1.6","1.8","1200","2014","01","2","Monday"
"NOS","2014-01-07","1.7","1.7","1.7","1.7","100","2014","01","2","Tuesday"
"NOS","2014-01-08","1.6","1.7","1.6","1.6","2600","2014","01","2","Wednesday"
"NOS","2014-01-09","1.6","1.7","1.6","1.6","12900","2014","01","2","Thursday"
"NOS","2014-01-10","1.6","1.6","1.5","1.5","13700","2014","01","2","Friday"
"NOS","2014-01-13","1.6","1.6","1.4","1.6","27100","2014","01","3","Monday"
"NOS","2014-01-14","1.5","1.5","1.4","1.4","69400","2014","01","3","Tuesday"
"NOS","2014-01-15","1.6","1.6","1.6","1.6","49000","2014","01","3","Wednesday"
"NOS","2014-01-16","1.7","1.7","1.7","1.7","5200","2014","01","3","Thursday"
"NOS","2014-01-17","1.8","1.8","1.8","1.8","26200","2014","01","3","Friday"
"NOS","2014-01-20","1.9","1.9","1.7","1.8","33300","2014","01","4","Monday"
"NOS","2014-01-22","1.9","1.9","1.7","1.7","1200","2014","01","4","Wednesday"
"NOS","2014-01-23","1.6","1.6","1.6","1.6","9600","2014","01","4","Thursday"
"NOS","2014-01-24","1.7","1.7","1.7","1.7","6200","2014","01","4","Friday"
"NOS","2014-01-27","1.6","1.6","1.6","1.6","19000","2014","01","5","Monday"
"NOS","2014-02-06","1.7","1.7","1.7","1.7","1300","2014","02","6","Thursday"
"NOS","2014-02-07","1.6","1.7","1.6","1.6","24800","2014","02","6","Friday"
"NOS","2014-02-10","1.6","1.6","1.5","1.5","28400","2014","02","7","Monday"
"NOS","2014-02-11","1.6","1.6","1.6","1.6","18900","2014","02","7","Tuesday"
"NOS","2014-02-12","1.7","1.7","1.6","1.7","500","2014","02","7","Wednesday"
"NOS","2014-02-13","1.7","1.7","1.6","1.6","6700","2014","02","7","Thursday"
"NOS","2014-02-14","1.6","1.6","1.6","1.6","1000","2014","02","7","Friday"
"NOS","2014-02-17","1.5","1.6","1.5","1.6","3900","2014","02","8","Monday"
"NOS","2014-02-18","1.4","1.6","1.4","1.6","3300","2014","02","8","Tuesday"
"NOS","2014-02-19","1.6","1.6","1.5","1.5","5300","2014","02","8","Wednesday"
"NOS","2014-02-20","1.6","1.6","1.4","1.6","17900","2014","02","8","Thursday"
"NOS","2014-02-21","1.5","1.5","1.5","1.5","5000","2014","02","8","Friday"
"NOS","2014-02-24","1.5","1.6","1.5","1.6","1300","2014","02","9","Monday"
"NOS","2014-02-25","1.6","1.6","1.6","1.6","300","2014","02","9","Tuesday"
"NOS","2014-02-26","1.7","1.7","1.7","1.7","100","2014","02","9","Wednesday"
"NOS","2014-02-27","1.8","1.8","1.6","1.6","400","2014","02","9","Thursday"
"NOS","2014-02-28","1.6","1.6","1.6","1.6","1000","2014","02","9","Friday"
"NOS","2014-03-03","1.5","1.5","1.5","1.5","4900","2014","03","10","Monday"
"NOS","2014-03-04","1.5","1.5","1.4","1.4","26400","2014","03","10","Tuesday"
"NOS","2014-03-05","1.3","1.5","1.3","1.4","33100","2014","03","10","Wednesday"
"NOS","2014-03-06","1.5","1.5","1.4","1.5","5700","2014","03","10","Thursday"
"NOS","2014-03-07","1.5","1.5","1.5","1.5","34400","2014","03","10","Friday"
"NOS","2014-03-10","1.4","1.6","1.4","1.6","6800","2014","03","11","Monday"
"NOS","2014-03-11","1.5","1.5","1.5","1.5","8500","2014","03","11","Tuesday"
"NOS","2014-03-12","1.5","1.5","1.5","1.5","8800","2014","03","11","Wednesday"
"NOS","2014-03-13","1.5","1.5","1.5","1.5","10300","2014","03","11","Thursday"
"NOS","2014-03-14","1.5","1.5","1.5","1.5","500","2014","03","11","Friday"
"NOS","2014-03-17","1.5","1.6","1.5","1.6","13900","2014","03","12","Monday"
"NOS","2014-03-18","1.5","1.7","1.5","1.7","32000","2014","03","12","Tuesday"
"NOS","2014-03-19","1.6","1.6","1.6","1.6","20000","2014","03","12","Wednesday"
"NOS","2014-03-20","1.5","1.6","1.5","1.6","7100","2014","03","12","Thursday"
"NOS","2014-03-21","1.5","1.6","1.5","1.6","63300","2014","03","12","Friday"
"NOS","2014-03-24","1.7","1.7","1.7","1.7","6000","2014","03","13","Monday"
"NOS","2014-03-25","1.8","1.8","1.8","1.8","5300","2014","03","13","Tuesday"
"NOS","2014-03-26","1.9","1.9","1.9","1.9","58700","2014","03","13","Wednesday"
"NOS","2014-03-27","2","2","1.9","2","155600","2014","03","13","Thursday"
"NOS","2014-03-28","2.1","2.2","2.1","2.2","15700","2014","03","13","Friday"
"NOS","2014-03-31","2.3","2.3","2.2","2.3","35900","2014","03","14","Monday"
"NOS","2014-04-01","2.3","2.3","2.1","2.1","11600","2014","04","14","Tuesday"
"NOS","2014-04-02","1.9","2","1.9","1.9","20000","2014","04","14","Wednesday"
"NOS","2014-04-03","1.8","2","1.8","2","47800","2014","04","14","Thursday"
"NOS","2014-04-04","2.2","2.2","2.1","2.1","4800","2014","04","14","Friday"
"NOS","2014-04-07","2.2","2.2","2","2.2","11200","2014","04","15","Monday"
"NOS","2014-04-08","2.1","2.2","2.1","2.2","2700","2014","04","15","Tuesday"
"NOS","2014-04-10","1.9","2.1","1.9","1.9","18000","2014","04","15","Thursday"
"NOS","2014-04-11","1.8","1.9","1.8","1.8","31400","2014","04","15","Friday"
"NOS","2014-04-14","1.8","1.9","1.8","1.9","1600","2014","04","16","Monday"
"NOS","2014-04-15","1.9","1.9","1.7","1.7","31300","2014","04","16","Tuesday"
"NOS","2014-04-16","1.6","1.8","1.6","1.6","37200","2014","04","16","Wednesday"
"NOS","2014-04-17","1.5","1.7","1.5","1.6","9300","2014","04","16","Thursday"
"NOS","2014-04-18","1.8","1.8","1.6","1.6","28300","2014","04","16","Friday"
"NOS","2014-04-21","1.6","1.6","1.6","1.6","11200","2014","04","17","Monday"
"NOS","2014-04-22","1.5","1.7","1.5","1.6","3200","2014","04","17","Tuesday"
"NOS","2014-04-23","1.6","1.6","1.6","1.6","300","2014","04","17","Wednesday"
"NOS","2014-04-24","1.5","1.7","1.5","1.6","12100","2014","04","17","Thursday"
"NOS","2014-04-25","1.7","1.7","1.5","1.6","10700","2014","04","17","Friday"
"NOS","2014-04-28","1.6","1.7","1.6","1.7","25336","2014","04","18","Monday"
"NOS","2014-04-29","1.5","1.7","1.5","1.7","4400","2014","04","18","Tuesday"
"NOS","2014-05-05","1.5","1.5","1.5","1.5","400","2014","05","19","Monday"
"NOS","2014-05-06","1.4","1.4","1.4","1.4","7400","2014","05","19","Tuesday"
"NOS","2014-05-07","1.5","1.5","1.5","1.5","100","2014","05","19","Wednesday"
"NOS","2014-05-08","1.4","1.4","1.4","1.4","38200","2014","05","19","Thursday"
"NOS","2014-05-09","1.5","1.5","1.5","1.5","100","2014","05","19","Friday"
"NOS","2014-05-12","1.4","1.4","1.4","1.4","2000","2014","05","20","Monday"
"NOS","2014-05-13","1.3","1.3","1.3","1.3","1500","2014","05","20","Tuesday"
"NOS","2014-05-14","1.2","1.2","1.2","1.2","700","2014","05","20","Wednesday"
"NOS","2014-05-15","1.1","1.1","1.1","1.1","9300","2014","05","20","Thursday"
"NOS","2014-05-16","1.1","1.2","1.1","1.2","19100","2014","05","20","Friday"
"NOS","2014-05-19","1.3","1.3","1.3","1.3","1600","2014","05","21","Monday"
"NOS","2014-05-20","1.4","1.4","1.4","1.4","4600","2014","05","21","Tuesday"
"NOS","2014-05-21","1.5","1.5","1.4","1.5","15300","2014","05","21","Wednesday"
"NOS","2014-05-22","1.4","1.5","1.4","1.5","6900","2014","05","21","Thursday"
"NOS","2014-05-23","1.5","1.5","1.5","1.5","200","2014","05","21","Friday"
"NOS","2014-05-27","1.4","1.5","1.4","1.5","7100","2014","05","22","Tuesday"
"NOS","2014-05-28","1.5","1.5","1.5","1.5","2200","2014","05","22","Wednesday"
"NOS","2014-05-29","1.5","1.5","1.5","1.5","900","2014","05","22","Thursday"
"NOS","2014-05-30","1.5","1.5","1.5","1.5","1000","2014","05","22","Friday"
"NOS","2014-06-03","1.5","1.5","1.5","1.5","100","2014","06","23","Tuesday"
"NOS","2014-06-04","1.4","1.4","1.4","1.4","500","2014","06","23","Wednesday"
"NOS","2014-06-06","1.5","1.5","1.5","1.5","100","2014","06","23","Friday"
"NOS","2014-06-09","1.5","1.5","1.4","1.4","1100","2014","06","24","Monday"
"NOS","2014-06-10","1.4","1.4","1.4","1.4","1300","2014","06","24","Tuesday"
"NOS","2014-06-11","1.5","1.5","1.5","1.5","100","2014","06","24","Wednesday"
"NOS","2014-06-13","1.4","1.5","1.4","1.5","2200","2014","06","24","Friday"
"NOS","2014-06-16","1.5","1.5","1.5","1.5","100","2014","06","25","Monday"
"NOS","2014-06-17","1.4","1.4","1.4","1.4","5300","2014","06","25","Tuesday"
"NOS","2014-06-18","1.5","1.5","1.5","1.5","200","2014","06","25","Wednesday"
"NOS","2014-06-20","1.4","1.4","1.4","1.4","300","2014","06","25","Friday"
"NOS","2014-06-23","1.3","1.3","1.3","1.3","400","2014","06","26","Monday"
"NOS","2014-06-24","1.4","1.4","1.4","1.4","5800","2014","06","26","Tuesday"
"NOS","2014-06-25","1.5","1.5","1.4","1.5","11400","2014","06","26","Wednesday"
"NOS","2014-06-26","1.5","1.5","1.5","1.5","300","2014","06","26","Thursday"
"NOS","2014-06-27","1.4","1.6","1.4","1.5","35200","2014","06","26","Friday"
"NOS","2014-06-30","1.6","1.6","1.6","1.6","100","2014","06","27","Monday"
"NOS","2014-07-01","1.6","1.6","1.5","1.5","1100","2014","07","27","Tuesday"
"NOS","2014-07-02","1.6","1.6","1.5","1.6","11800","2014","07","27","Wednesday"
"NOS","2014-07-03","1.5","1.7","1.5","1.7","2100","2014","07","27","Thursday"
"NOS","2014-07-04","1.7","1.7","1.6","1.6","1000","2014","07","27","Friday"
"NOS","2014-07-07","1.6","1.6","1.6","1.6","400","2014","07","28","Monday"
"NOS","2014-07-08","1.5","1.5","1.5","1.5","4100","2014","07","28","Tuesday"
"NOS","2014-07-09","1.4","1.6","1.4","1.6","200","2014","07","28","Wednesday"
"NOS","2014-07-10","1.6","1.6","1.6","1.6","27800","2014","07","28","Thursday"
"NOS","2014-07-11","1.7","1.7","1.6","1.7","18600","2014","07","28","Friday"
"NOS","2014-07-14","1.8","1.8","1.7","1.7","9900","2014","07","29","Monday"
"NOS","2014-07-15","1.7","1.8","1.7","1.7","4900","2014","07","29","Tuesday"
"NOS","2014-07-16","1.7","1.8","1.7","1.8","6400","2014","07","29","Wednesday"
"NOS","2014-07-17","1.8","1.8","1.8","1.8","5100","2014","07","29","Thursday"
"NOS","2014-07-21","1.7","1.7","1.7","1.7","600","2014","07","30","Monday"
"NOS","2014-07-22","1.6","1.7","1.6","1.7","900","2014","07","30","Tuesday"
"NOS","2014-07-23","1.6","1.6","1.6","1.6","1900","2014","07","30","Wednesday"
"NOS","2014-07-24","1.7","1.7","1.7","1.7","100","2014","07","30","Thursday"
"NOS","2014-07-29","1.6","1.7","1.6","1.7","400","2014","07","31","Tuesday"
"NOS","2014-07-31","1.6","1.6","1.6","1.6","100","2014","07","31","Thursday"
"NOS","2014-08-01","1.6","1.7","1.5","1.5","2900","2014","08","31","Friday"
"NOS","2014-08-04","1.7","1.7","1.7","1.7","100","2014","08","32","Monday"
"NOS","2014-08-05","1.8","1.8","1.8","1.8","100","2014","08","32","Tuesday"
"NOS","2014-08-06","1.7","1.7","1.7","1.7","600","2014","08","32","Wednesday"
"NOS","2014-08-07","1.6","1.6","1.6","1.6","2100","2014","08","32","Thursday"
"NOS","2014-08-08","1.7","1.7","1.7","1.7","100","2014","08","32","Friday"
"NOS","2014-08-12","1.6","1.6","1.6","1.6","100","2014","08","33","Tuesday"
"NOS","2014-08-13","1.5","1.5","1.5","1.5","2300","2014","08","33","Wednesday"
"NOS","2014-08-14","1.5","1.6","1.4","1.6","7600","2014","08","33","Thursday"
"NOS","2014-08-15","1.5","1.5","1.5","1.5","3800","2014","08","33","Friday"
"NOS","2014-08-18","1.4","1.5","1.4","1.5","8500","2014","08","34","Monday"
"NOS","2014-08-19","1.5","1.5","1.4","1.4","1900","2014","08","34","Tuesday"
"NOS","2014-08-20","1.5","1.5","1.4","1.5","4300","2014","08","34","Wednesday"
"NOS","2014-08-21","1.4","1.5","1.4","1.5","200","2014","08","34","Thursday"
"NOS","2014-08-22","1.4","1.5","1.4","1.5","5200","2014","08","34","Friday"
"NOS","2014-08-25","1.5","1.5","1.5","1.5","100","2014","08","35","Monday"
"NOS","2014-08-29","1.4","1.5","1.4","1.5","1600","2014","08","35","Friday"
"NOS","2014-09-03","1.5","1.5","1.3","1.5","43100","2014","09","36","Wednesday"
"NOS","2014-09-04","1.5","1.5","1.4","1.4","11800","2014","09","36","Thursday"
"NOS","2014-09-05","1.5","1.5","1.5","1.5","200","2014","09","36","Friday"
"NOS","2014-09-08","1.5","1.5","1.5","1.5","200","2014","09","37","Monday"
"NOS","2014-09-09","1.5","1.6","1.5","1.6","37100","2014","09","37","Tuesday"
"NOS","2014-09-10","1.5","1.5","1.5","1.5","5800","2014","09","37","Wednesday"
"NOS","2014-09-11","1.6","1.6","1.5","1.5","2600","2014","09","37","Thursday"
"NOS","2014-09-12","1.6","1.6","1.6","1.6","110","2014","09","37","Friday"
"NOS","2014-09-15","1.6","1.6","1.5","1.6","12100","2014","09","38","Monday"
"NOS","2014-09-16","1.5","1.5","1.5","1.5","5410","2014","09","38","Tuesday"
"NOS","2014-09-17","1.5","1.5","1.4","1.5","10200","2014","09","38","Wednesday"
"NOS","2014-09-18","1.5","1.5","1.4","1.4","11500","2014","09","38","Thursday"
"NOS","2014-09-19","1.5","1.5","1.5","1.5","110","2014","09","38","Friday"
"NOS","2014-09-22","1.5","1.5","1.5","1.5","10","2014","09","39","Monday"
"NOS","2014-09-23","1.5","1.5","1.5","1.5","100","2014","09","39","Tuesday"
"NOS","2014-09-24","1.5","1.5","1.5","1.5","1600","2014","09","39","Wednesday"
"NOS","2014-09-25","1.4","1.4","1.4","1.4","2900","2014","09","39","Thursday"
"NOS","2014-09-26","1.4","1.4","1.4","1.4","100","2014","09","39","Friday"
"NOS","2014-09-29","1.4","1.5","1.4","1.4","14200","2014","09","40","Monday"
"NOS","2014-09-30","1.4","1.4","1.3","1.4","12800","2014","09","40","Tuesday"
"NOS","2014-10-01","1.4","1.4","1.4","1.4","11420","2014","10","40","Wednesday"
"NOS","2014-10-02","1.4","1.5","1.4","1.5","2400","2014","10","40","Thursday"
"NOS","2014-10-03","1.5","1.5","1.5","1.5","15","2014","10","40","Friday"
"NOS","2014-10-06","1.4","1.4","1.4","1.4","1400","2014","10","41","Monday"
"NOS","2014-10-07","1.4","1.5","1.4","1.5","1500","2014","10","41","Tuesday"
"NOS","2014-10-08","1.5","1.5","1.5","1.5","410","2014","10","41","Wednesday"
"NOS","2014-10-09","1.5","1.5","1.5","1.5","10","2014","10","41","Thursday"
"NOS","2014-10-10","1.4","1.4","1.4","1.4","1000","2014","10","41","Friday"
"NOS","2014-10-13","1.4","1.4","1.4","1.4","6200","2014","10","42","Monday"
"NOS","2014-10-14","1.4","1.4","1.4","1.4","5000","2014","10","42","Tuesday"
"NOS","2014-10-15","1.4","1.4","1.4","1.4","19100","2014","10","42","Wednesday"
"NOS","2014-10-16","1.4","1.4","1.4","1.4","5200","2014","10","42","Thursday"
"NOS","2014-10-17","1.4","1.5","1.4","1.5","200","2014","10","42","Friday"
"NOS","2014-10-22","1.5","1.5","1.5","1.5","100","2014","10","43","Wednesday"
"NOS","2014-10-28","1.4","1.4","1.4","1.4","100","2014","10","44","Tuesday"
"NOS","2014-10-29","1.3","1.3","1.3","1.3","2100","2014","10","44","Wednesday"
"NOS","2014-11-03","1.4","1.4","1.4","1.4","100","2014","11","45","Monday"
"NOS","2014-11-04","1.3","1.3","1.3","1.3","4500","2014","11","45","Tuesday"
"NOS","2014-11-06","1.4","1.4","1.4","1.4","100","2014","11","45","Thursday"
"NOS","2014-11-07","1.3","1.3","1.3","1.3","60000","2014","11","45","Friday"
"NOS","2014-11-11","1.3","1.3","1.3","1.3","23300","2014","11","46","Tuesday"
"NOS","2014-11-12","1.3","1.3","1.2","1.3","71600","2014","11","46","Wednesday"
"NOS","2014-11-13","1.4","1.4","1.4","1.4","145","2014","11","46","Thursday"
"NOS","2014-11-14","1.3","1.4","1.3","1.4","7800","2014","11","46","Friday"
"NOS","2014-11-17","1.4","1.4","1.4","1.4","5000","2014","11","47","Monday"
"NOS","2014-11-18","1.4","1.4","1.4","1.4","100","2014","11","47","Tuesday"
"NOS","2014-11-20","1.4","1.4","1.4","1.4","100","2014","11","47","Thursday"
"NOS","2014-11-24","1.3","1.4","1.3","1.4","1500","2014","11","48","Monday"
"NOS","2014-11-25","1.3","1.3","1.3","1.3","1000","2014","11","48","Tuesday"
"NOS","2014-11-26","1.3","1.4","1.2","1.4","24000","2014","11","48","Wednesday"
"NOS","2014-11-27","1.3","1.3","1.3","1.3","3900","2014","11","48","Thursday"
"NOS","2014-11-28","1.3","1.3","1.3","1.3","1200","2014","11","48","Friday"
"NOS","2014-12-01","1.3","1.3","1.3","1.3","1500","2014","12","49","Monday"
"NOS","2014-12-03","1.2","1.3","1.2","1.3","13100","2014","12","49","Wednesday"
"NOS","2014-12-04","1.3","1.3","1.3","1.3","100","2014","12","49","Thursday"
"NOS","2014-12-05","1.2","1.2","1.2","1.2","100","2014","12","49","Friday"
"NOS","2014-12-08","1.3","1.3","1.2","1.3","9445","2014","12","50","Monday"
"NOS","2014-12-09","1.3","1.3","1.2","1.2","11500","2014","12","50","Tuesday"
"NOS","2014-12-10","1.1","1.1","1.1","1.1","200","2014","12","50","Wednesday"
"NOS","2014-12-11","1.2","1.2","1.2","1.2","6525","2014","12","50","Thursday"
"NOS","2014-12-15","1.3","1.3","1.3","1.3","1100","2014","12","51","Monday"
"NOS","2014-12-16","1.2","1.2","1.2","1.2","1100","2014","12","51","Tuesday"
"NOS","2014-12-17","1.2","1.2","1.2","1.2","1500","2014","12","51","Wednesday"
"NOS","2014-12-18","1.2","1.2","1.2","1.2","1300","2014","12","51","Thursday"
"NOS","2014-12-22","1.2","1.2","1.2","1.2","500","2014","12","52","Monday"
"NOS","2014-12-23","1.2","1.2","1.2","1.2","500","2014","12","52","Tuesday"
"NOS","2014-12-24","1.3","1.3","1.1","1.1","700","2014","12","52","Wednesday"
"NOS","2014-12-25","1.1","1.1","1.1","1.1","2000","2014","12","52","Thursday"
"NOS","2014-12-26","1.1","1.1","1.1","1.1","300","2014","12","52","Friday"
"NOS","2014-12-29","1.1","1.2","1.1","1.2","5200","2014","12","1","Monday"
"NOS","2014-12-30","1.1","1.1","1.1","1.1","20000","2014","12","1","Tuesday"
"NOS","2014-12-31","1.1","1.1","1.1","1.1","400","2014","12","1","Wednesday"
"NOS","2015-01-05","1.1","1.2","1.1","1.2","6800","2015","01","2","Monday"
"NOS","2015-01-06","1.1","1.1","1.1","1.1","100","2015","01","2","Tuesday"
"NOS","2015-01-07","1.2","1.2","1.1","1.1","300","2015","01","2","Wednesday"
"NOS","2015-01-08","1.2","1.2","1.1","1.1","2600","2015","01","2","Thursday"
"NOS","2015-01-09","1.2","1.2","1.2","1.2","3800","2015","01","2","Friday"
"NOS","2015-01-12","1.3","1.3","1.2","1.2","1200","2015","01","3","Monday"
"NOS","2015-01-13","1.1","1.3","1.1","1.3","700","2015","01","3","Tuesday"
"NOS","2015-01-14","1.3","1.3","1.3","1.3","1200","2015","01","3","Wednesday"
"NOS","2015-01-15","1.2","1.2","1.2","1.2","3200","2015","01","3","Thursday"
"NOS","2015-01-16","1.2","1.2","1.1","1.1","300","2015","01","3","Friday"
"NOS","2015-01-19","1.2","1.2","1.2","1.2","100","2015","01","4","Monday"
"NOS","2015-01-20","1.2","1.2","1.2","1.2","8900","2015","01","4","Tuesday"
"NOS","2015-01-22","1.2","1.2","1.2","1.2","100","2015","01","4","Thursday"
"NOS","2015-01-23","1.3","1.3","1.3","1.3","100","2015","01","4","Friday"
"NOS","2015-01-28","1.2","1.2","1.2","1.2","200","2015","01","5","Wednesday"
"NOS","2015-01-29","1.1","1.2","1.1","1.1","300","2015","01","5","Thursday"
"NOS","2015-01-30","1","1.2","1","1.2","1200","2015","01","5","Friday"
"NOS","2015-02-02","1.2","1.2","1.2","1.2","100","2015","02","6","Monday"
"NOS","2015-02-04","1.2","1.2","1.2","1.2","100","2015","02","6","Wednesday"
"NOS","2015-02-06","1.1","1.1","1.1","1.1","1000","2015","02","6","Friday"
"NOS","2015-02-09","1.1","1.2","1.1","1.2","3100","2015","02","7","Monday"
"NOS","2015-02-12","1.2","1.2","1.2","1.2","100","2015","02","7","Thursday"
"NOS","2015-02-13","1.2","1.2","1.2","1.2","600","2015","02","7","Friday"
"NOS","2015-02-24","1.1","1.2","1.1","1.1","1700","2015","02","9","Tuesday"
"NOS","2015-02-25","1.2","1.2","1.2","1.2","100","2015","02","9","Wednesday"
"NOS","2015-02-26","1.1","1.2","1.1","1.2","1600","2015","02","9","Thursday"
"NOS","2015-02-27","1.1","1.2","1.1","1.1","500","2015","02","9","Friday"
"NOS","2015-03-02","1.2","1.2","1.2","1.2","4400","2015","03","10","Monday"
"NOS","2015-03-03","1.2","1.2","1.2","1.2","500","2015","03","10","Tuesday"
"NOS","2015-03-04","1.1","1.2","1.1","1.2","800","2015","03","10","Wednesday"
"NOS","2015-03-05","1.2","1.2","1.1","1.1","1300","2015","03","10","Thursday"
"NOS","2015-03-09","1.2","1.2","1.1","1.1","900","2015","03","11","Monday"
"NOS","2015-03-10","1","1.2","1","1.2","1200","2015","03","11","Tuesday"
"NOS","2015-03-11","1.1","1.1","1","1","16100","2015","03","11","Wednesday"
"NOS","2015-03-12","1.1","1.1","1","1.1","1100","2015","03","11","Thursday"
"NOS","2015-03-13","1.2","1.2","1.2","1.2","1000","2015","03","11","Friday"
"NOS","2015-03-17","1.1","1.1","1.1","1.1","14300","2015","03","12","Tuesday"
"NOS","2015-03-18","1.1","1.1","1","1","2400","2015","03","12","Wednesday"
"NOS","2015-03-20","1.1","1.1","1","1","2400","2015","03","12","Friday"
"NOS","2015-03-23","1.1","1.2","1.1","1.2","35200","2015","03","13","Monday"
"NOS","2015-03-24","1.2","1.3","1.2","1.3","6300","2015","03","13","Tuesday"
"NOS","2015-03-25","1.2","1.3","1.2","1.3","9300","2015","03","13","Wednesday"
"NOS","2015-03-26","1.2","1.2","1.2","1.2","2300","2015","03","13","Thursday"
"NOS","2015-03-27","1.2","1.3","1.1","1.3","7400","2015","03","13","Friday"
"NOS","2015-03-30","1.2","1.2","1.1","1.1","2300","2015","03","14","Monday"
"NOS","2015-03-31","1.1","1.1","1.1","1.19","100","2015","03","14","Tuesday"
"NOS","2015-04-01","1.1","1.2","1","1.2","35500","2015","04","14","Wednesday"
"NOS","2015-04-02","1.1","1.1","1.1","1.1","600","2015","04","14","Thursday"
"NOS","2015-04-03","1.2","1.2","1.2","1.2","100","2015","04","14","Friday"
"NOS","2015-04-06","1.1","1.2","1.1","1.1","500","2015","04","15","Monday"
"NOS","2015-04-07","1.1","1.1","1.1","1.1","100","2015","04","15","Tuesday"
"NOS","2015-04-08","1.1","1.1","1.1","1.1","100","2015","04","15","Wednesday"
"NOS","2015-04-09","1.1","1.1","1.1","1.1","4900","2015","04","15","Thursday"
"NOS","2015-04-10","1.1","1.2","1.1","1.2","5700","2015","04","15","Friday"
"NOS","2015-04-13","1.1","1.1","1.1","1.1","3800","2015","04","16","Monday"
"NOS","2015-04-15","1.1","1.2","1.1","1.2","200","2015","04","16","Wednesday"
"NOS","2015-04-17","1.1","1.1","1.1","1.1","6000","2015","04","16","Friday"
"NOS","2015-04-20","1.1","1.2","1","1.2","10800","2015","04","17","Monday"
"NOS","2015-04-21","1.2","1.2","1.2","1.2","100","2015","04","17","Tuesday"
"NOS","2015-04-22","1.1","1.1","1.1","1.1","6100","2015","04","17","Wednesday"
"NOS","2015-04-23","1.1","1.1","1","1","11200","2015","04","17","Thursday"
"NOS","2015-04-24","1","1","1","1","100","2015","04","17","Friday"
"NOS","2015-04-27","1","1","1","1","2900","2015","04","18","Monday"
"NOS","2015-05-04","1","1.1","1","1.1","200","2015","05","19","Monday"
"NOS","2015-05-06","1","1.1","1","1.1","1400","2015","05","19","Wednesday"
"NOS","2015-05-07","1","1","1","1","1900","2015","05","19","Thursday"
"NOS","2015-05-08","1","1","1","1","20500","2015","05","19","Friday"
"NOS","2015-05-11","1.1","1.1","1.1","1.1","300","2015","05","20","Monday"
"NOS","2015-05-14","1.1","1.1","1.1","1.1","200","2015","05","20","Thursday"
"NOS","2015-05-15","1","1","1","1","500","2015","05","20","Friday"
"NOS","2015-05-18","1.1","1.1","1.1","1.1","200","2015","05","21","Monday"
"NOS","2015-05-19","1.1","1.1","1","1.1","28200","2015","05","21","Tuesday"
"NOS","2015-05-20","1.1","1.1","1.1","1.1","100","2015","05","21","Wednesday"
"NOS","2015-05-21","1.1","1.1","1","1","200","2015","05","21","Thursday"
"NOS","2015-05-22","1.1","1.1","1.1","1.1","100","2015","05","21","Friday"
"NOS","2015-05-25","1.1","1.1","1.1","1.1","100","2015","05","22","Monday"
"NOS","2015-05-26","1.1","1.1","1.1","1.1","100","2015","05","22","Tuesday"
"NOS","2015-05-27","1.1","1.1","1","1","400","2015","05","22","Wednesday"
"NOS","2015-05-28","1.1","1.1","1.1","1.1","300","2015","05","22","Thursday"
"NOS","2015-05-29","1","1.1","1","1.1","32200","2015","05","22","Friday"
"NOS","2015-06-01","0.9","1.1","0.9","1","2600","2015","06","23","Monday"
"NOS","2015-06-02","1.1","1.1","1","1.1","1200","2015","06","23","Tuesday"
"NOS","2015-06-03","0.9","1.1","0.9","1.1","700","2015","06","23","Wednesday"
"NOS","2015-06-04","1","1","1","1","2200","2015","06","23","Thursday"
"NOS","2015-06-05","1.1","1.1","1","1","400","2015","06","23","Friday"
"NOS","2015-06-08","1","1.1","1","1.1","400","2015","06","24","Monday"
"NOS","2015-06-09","1.1","1.1","1","1","13200","2015","06","24","Tuesday"
"NOS","2015-06-10","0.9","1","0.9","0.9","1000","2015","06","24","Wednesday"
"NOS","2015-06-11","1","1","0.9","0.9","400","2015","06","24","Thursday"
"NOS","2015-06-12","1.1","1.1","1.1","1.1","100","2015","06","24","Friday"
"NOS","2015-06-15","1","1","1","1","100","2015","06","25","Monday"
"NOS","2015-06-16","1.1","1.1","1","1","17600","2015","06","25","Tuesday"
"NOS","2015-06-17","1.1","1.1","1","1","500","2015","06","25","Wednesday"
"NOS","2015-06-18","1","1","0.9","0.9","500","2015","06","25","Thursday"
"NOS","2015-06-19","1","1","1","1","100","2015","06","25","Friday"
"NOS","2015-06-22","1","1.1","1","1.1","25700","2015","06","26","Monday"
"NOS","2015-06-23","1.2","1.2","1.1","1.1","1910","2015","06","26","Tuesday"
"NOS","2015-06-24","1.1","1.1","1","1","1800","2015","06","26","Wednesday"
"NOS","2015-06-25","1","1","0.9","0.9","500","2015","06","26","Thursday"
"NOS","2015-06-26","1","1","1","1","20500","2015","06","26","Friday"
"NOS","2015-06-29","1.1","1.1","1.1","1.1","400","2015","06","27","Monday"
"NOS","2015-06-30","1","1.1","1","1.1","2400","2015","06","27","Tuesday"
"NOS","2015-07-01","1.1","1.1","1","1.1","5600","2015","07","27","Wednesday"
"NOS","2015-07-02","1.1","1.1","0.9","1.1","28255","2015","07","27","Thursday"
"NOS","2015-07-03","0.9","1.1","0.9","0.9","705","2015","07","27","Friday"
"NOS","2015-07-06","1","1","0.9","1","1400","2015","07","28","Monday"
"NOS","2015-07-07","0.9","1.1","0.9","0.9","7100","2015","07","28","Tuesday"
"NOS","2015-07-08","0.9","1","0.9","1","3800","2015","07","28","Wednesday"
"NOS","2015-07-09","0.9","1","0.9","0.9","300","2015","07","28","Thursday"
"NOS","2015-07-10","0.9","1","0.9","1","400","2015","07","28","Friday"
"NOS","2015-07-13","0.9","0.9","0.9","0.9","200","2015","07","29","Monday"
"NOS","2015-07-14","0.9","1","0.9","1","14900","2015","07","29","Tuesday"
"NOS","2015-07-15","0.9","0.9","0.9","0.9","400","2015","07","29","Wednesday"
"NOS","2015-07-16","0.9","0.9","0.8","0.9","4800","2015","07","29","Thursday"
"NOS","2015-07-17","0.9","1","0.9","0.9","1200","2015","07","29","Friday"
"NOS","2015-07-21","0.9","0.9","0.9","0.9","300","2015","07","30","Tuesday"
"NOS","2015-07-22","1","1","1","1","100","2015","07","30","Wednesday"
"NOS","2015-07-23","0.9","0.9","0.9","0.9","3900","2015","07","30","Thursday"
"NOS","2015-07-24","0.9","0.9","0.9","0.9","1700","2015","07","30","Friday"
"NOS","2015-07-27","0.9","0.9","0.9","0.9","1500","2015","07","31","Monday"
"NOS","2015-07-28","0.8","0.8","0.8","0.8","6200","2015","07","31","Tuesday"
"NOS","2015-07-29","0.8","0.8","0.8","0.8","1400","2015","07","31","Wednesday"
"NOS","2015-07-30","0.8","0.8","0.8","0.8","5100","2015","07","31","Thursday"
"NOS","2015-07-31","0.8","0.9","0.8","0.8","9500","2015","07","31","Friday"
"NOS","2015-08-04","0.9","0.9","0.8","0.8","500","2015","08","32","Tuesday"
"NOS","2015-08-05","0.9","0.9","0.9","0.9","2200","2015","08","32","Wednesday"
"NOS","2015-08-06","0.9","0.9","0.8","0.8","300","2015","08","32","Thursday"
"NOS","2015-08-10","0.8","0.8","0.7","0.8","10200","2015","08","33","Monday"
"NOS","2015-08-11","0.8","0.8","0.8","0.8","400","2015","08","33","Tuesday"
"NOS","2015-08-13","0.9","0.9","0.9","0.9","4100","2015","08","33","Thursday"
"NOS","2015-08-14","0.8","0.9","0.8","0.8","700","2015","08","33","Friday"
"NOS","2015-08-19","0.8","0.8","0.8","0.8","300","2015","08","34","Wednesday"
"NOS","2015-08-20","0.8","0.8","0.8","0.8","2000","2015","08","34","Thursday"
"NOS","2015-08-21","0.8","0.8","0.8","0.8","5400","2015","08","34","Friday"
"NOS","2015-08-24","0.8","0.8","0.8","0.8","7600","2015","08","35","Monday"
"NOS","2015-08-25","0.9","0.9","0.9","0.9","100","2015","08","35","Tuesday"
"NOS","2015-08-28","0.9","0.9","0.9","0.9","100","2015","08","35","Friday"
"NOS","2015-09-08","0.8","0.9","0.8","0.9","1700","2015","09","37","Tuesday"
"NOS","2015-09-09","0.8","0.8","0.8","0.8","1000","2015","09","37","Wednesday"
"NOS","2015-09-14","0.7","0.8","0.7","0.8","2100","2015","09","38","Monday"
"NOS","2015-09-15","0.7","0.7","0.7","0.7","500","2015","09","38","Tuesday"
"NOS","2015-09-16","0.7","0.7","0.7","0.7","1400","2015","09","38","Wednesday"
"NOS","2015-09-18","0.6","0.8","0.6","0.8","400","2015","09","38","Friday"
"NOS","2015-09-22","0.8","0.9","0.8","0.9","20200","2015","09","39","Tuesday"
"NOS","2015-09-23","0.8","0.8","0.8","0.8","100","2015","09","39","Wednesday"
"NOS","2015-09-24","0.9","0.9","0.8","0.8","300","2015","09","39","Thursday"
"NOS","2015-09-25","0.8","0.9","0.8","0.8","8100","2015","09","39","Friday"
"NOS","2015-09-28","0.8","0.9","0.8","0.9","700","2015","09","40","Monday"
"NOS","2015-09-29","0.9","1","0.9","1","41800","2015","09","40","Tuesday"
"NOS","2015-09-30","0.9","1.1","0.9","1.1","66800","2015","09","40","Wednesday"
"NOS","2015-10-01","1.1","1.2","1","1.2","28800","2015","10","40","Thursday"
"NOS","2015-10-02","1","1","1","1","2300","2015","10","40","Friday"
"NOS","2015-10-05","1","1","1","1","29600","2015","10","41","Monday"
"NOS","2015-10-06","0.9","0.9","0.9","0.9","100","2015","10","41","Tuesday"
"NOS","2015-10-07","0.8","0.8","0.8","0.8","24400","2015","10","41","Wednesday"
"NOS","2015-10-08","0.8","0.8","0.7","0.7","79800","2015","10","41","Thursday"
"NOS","2015-10-09","0.8","0.8","0.8","0.8","100","2015","10","41","Friday"
"NOS","2015-10-12","0.8","0.9","0.8","0.9","27200","2015","10","42","Monday"
"NOS","2015-10-13","0.8","0.8","0.8","0.8","100","2015","10","42","Tuesday"
"NOS","2015-10-15","0.8","0.8","0.8","0.8","12000","2015","10","42","Thursday"
"NOS","2015-10-16","0.8","0.8","0.7","0.7","3700","2015","10","42","Friday"
"NOS","2015-10-20","0.8","0.8","0.8","0.8","8000","2015","10","43","Tuesday"
"NOS","2015-10-21","0.7","0.7","0.7","0.7","100","2015","10","43","Wednesday"
"NOS","2015-10-22","0.8","0.8","0.7","0.8","10620","2015","10","43","Thursday"
"NOS","2015-10-30","0.7","0.7","0.7","0.7","100","2015","10","44","Friday"
"NOS","2015-11-02","0.7","0.7","0.7","0.7","10600","2015","11","45","Monday"
"NOS","2015-11-04","0.7","0.7","0.7","0.7","2900","2015","11","45","Wednesday"
"NOS","2015-11-05","0.8","0.8","0.7","0.7","2100","2015","11","45","Thursday"
"NOS","2015-11-06","0.7","0.7","0.7","0.7","5120","2015","11","45","Friday"
"NOS","2015-11-10","0.7","0.7","0.7","0.7","4000","2015","11","46","Tuesday"
"NOS","2015-11-17","0.7","0.7","0.7","0.7","1400","2015","11","47","Tuesday"
"NOS","2015-11-24","0.8","0.8","0.8","0.8","100","2015","11","48","Tuesday"
"NOS","2015-11-25","0.8","0.8","0.8","0.8","400","2015","11","48","Wednesday"
"NOS","2015-11-26","0.7","0.8","0.7","0.8","13500","2015","11","48","Thursday"
"NOS","2015-11-27","0.7","0.8","0.7","0.8","8100","2015","11","48","Friday"
"NOS","2015-11-30","0.7","0.8","0.7","0.8","23100","2015","11","49","Monday"
"NOS","2015-12-01","0.8","0.8","0.8","0.8","100","2015","12","49","Tuesday"
"NOS","2015-12-04","0.7","0.7","0.7","0.7","3700","2015","12","49","Friday"
"NOS","2015-12-08","0.8","0.8","0.8","0.8","100","2015","12","50","Tuesday"
"NOS","2015-12-11","0.7","0.8","0.7","0.8","6000","2015","12","50","Friday"
"NOS","2015-12-15","0.7","0.7","0.7","0.7","3400","2015","12","51","Tuesday"
"NOS","2015-12-16","0.7","0.7","0.7","0.7","2500","2015","12","51","Wednesday"
"NOS","2015-12-18","0.7","0.7","0.7","0.7","1200","2015","12","51","Friday"
"NOS","2015-12-23","0.6","0.6","0.6","0.6","36100","2015","12","52","Wednesday"
"NOS","2015-12-28","0.6","0.6","0.6","0.6","10000","2015","12","53","Monday"
"NOS","2015-12-29","0.6","0.6","0.6","0.6","12100","2015","12","53","Tuesday"
"NOS","2015-12-30","0.6","0.6","0.6","0.6","11000","2015","12","53","Wednesday"
"NOS","2015-12-31","0.6","0.6","0.6","0.6","7800","2015","12","53","Thursday"
"NOS","2016-01-06","0.7","0.7","0.7","0.7","1000","2016","01","2","Wednesday"
"NOS","2016-01-08","0.7","0.7","0.7","0.7","1000","2016","01","2","Friday"
"NOS","2016-01-29","0.6","0.7","0.6","0.6","12700","2016","01","5","Friday"
"NOS","2016-02-01","0.6","0.6","0.6","0.6","500","2016","02","6","Monday"
"NOS","2016-02-02","0.6","0.6","0.6","0.6","200","2016","02","6","Tuesday"
"NOS","2016-02-04","0.7","0.7","0.7","0.7","18200","2016","02","6","Thursday"
"NOS","2016-02-15","0.6","0.6","0.6","0.6","1000","2016","02","8","Monday"
"NOS","2016-02-17","0.7","0.7","0.7","0.7","100","2016","02","8","Wednesday"
"NOS","2016-02-18","0.8","0.8","0.8","0.8","300","2016","02","8","Thursday"
"NOS","2016-02-22","0.7","0.7","0.7","0.7","100","2016","02","9","Monday"
"NOS","2016-02-23","0.8","0.8","0.8","0.8","400","2016","02","9","Tuesday"
"NOS","2016-02-24","0.7","0.7","0.7","0.7","100","2016","02","9","Wednesday"
"NOS","2016-02-25","0.7","0.7","0.7","0.7","25010","2016","02","9","Thursday"
"NOS","2016-02-26","0.8","0.8","0.8","0.8","500","2016","02","9","Friday"
"NOS","2016-02-29","0.8","0.9","0.7","0.9","37075","2016","02","10","Monday"
"NOS","2016-03-01","0.8","0.9","0.8","0.9","54700","2016","03","10","Tuesday"
"NOS","2016-03-02","0.9","1","0.9","1","35500","2016","03","10","Wednesday"
"NOS","2016-03-03","0.9","0.9","0.9","0.9","1610","2016","03","10","Thursday"
"NOS","2016-03-04","0.8","0.8","0.8","0.8","100","2016","03","10","Friday"
"NOS","2016-03-07","0.8","0.8","0.8","0.8","1500","2016","03","11","Monday"
"NOS","2016-03-08","0.8","0.9","0.8","0.8","45965","2016","03","11","Tuesday"
"NOS","2016-03-09","0.8","0.9","0.8","0.9","20800","2016","03","11","Wednesday"
"NOS","2016-03-10","0.8","0.8","0.8","0.8","3100","2016","03","11","Thursday"
"NOS","2016-03-11","0.8","0.9","0.8","0.9","4700","2016","03","11","Friday"
"NOS","2016-03-14","0.8","0.8","0.8","0.8","20300","2016","03","12","Monday"
"NOS","2016-03-15","0.9","0.9","0.8","0.8","5700","2016","03","12","Tuesday"
"NOS","2016-03-16","0.8","0.8","0.8","0.8","150","2016","03","12","Wednesday"
"NOS","2016-03-17","0.9","0.9","0.9","0.9","300","2016","03","12","Thursday"
"NOS","2016-03-18","0.8","0.8","0.8","0.8","1000","2016","03","12","Friday"
"NOS","2016-03-21","0.9","0.9","0.9","0.9","200","2016","03","13","Monday"
"NOS","2016-03-22","0.8","0.8","0.8","0.8","18200","2016","03","13","Tuesday"
"NOS","2016-03-23","0.9","0.9","0.9","0.9","100","2016","03","13","Wednesday"
"NOS","2016-03-24","0.9","1","0.9","1","13000","2016","03","13","Thursday"
"NOS","2016-03-25","0.9","1","0.9","0.9","16700","2016","03","13","Friday"
"NOS","2016-03-28","0.9","0.9","0.9","0.9","23510","2016","03","14","Monday"
"NOS","2016-03-29","0.9","0.9","0.9","0.9","3000","2016","03","14","Tuesday"
"NOS","2016-03-30","0.9","1","0.9","1","65700","2016","03","14","Wednesday"
"NOS","2016-03-31","1.1","1.1","1","1","25410","2016","03","14","Thursday"
"NOS","2016-04-01","1.1","1.1","1","1","11000","2016","04","14","Friday"
"NOS","2016-04-04","1","1","0.9","0.9","10510","2016","04","15","Monday"
"NOS","2016-04-05","0.9","0.9","0.8","0.9","21400","2016","04","15","Tuesday"
"NOS","2016-04-06","0.9","0.9","0.8","0.8","30500","2016","04","15","Wednesday"
"NOS","2016-04-07","0.9","0.9","0.9","0.9","4500","2016","04","15","Thursday"
"NOS","2016-04-08","0.9","0.9","0.8","0.9","1700","2016","04","15","Friday"
"NOS","2016-04-11","0.9","0.9","0.8","0.8","37900","2016","04","16","Monday"
"NOS","2016-04-12","0.8","0.8","0.7","0.7","9200","2016","04","16","Tuesday"
"NOS","2016-04-13","0.7","0.8","0.7","0.8","33900","2016","04","16","Wednesday"
"NOS","2016-04-14","0.7","0.9","0.7","0.9","33600","2016","04","16","Thursday"
"NOS","2016-04-15","0.8","0.9","0.8","0.9","5220","2016","04","16","Friday"
"NOS","2016-04-20","0.8","0.9","0.8","0.9","8600","2016","04","17","Wednesday"
"NOS","2016-04-21","0.9","0.9","0.8","0.9","11200","2016","04","17","Thursday"
"NOS","2016-04-22","0.9","0.9","0.9","0.9","200","2016","04","17","Friday"
"NOS","2016-04-25","0.9","0.9","0.9","0.9","100","2016","04","18","Monday"
"NOS","2016-04-26","0.9","0.9","0.8","0.9","57400","2016","04","18","Tuesday"
"NOS","2016-04-27","0.8","0.9","0.8","0.8","2300","2016","04","18","Wednesday"
"NOS","2016-04-28","0.9","0.9","0.8","0.9","2100","2016","04","18","Thursday"
"NOS","2016-04-29","0.9","0.9","0.9","0.9","300","2016","04","18","Friday"
"NOS","2016-05-04","0.8","0.8","0.8","0.8","1100","2016","05","19","Wednesday"
"NOS","2016-05-05","0.7","0.8","0.7","0.7","8500","2016","05","19","Thursday"
"NOS","2016-05-06","0.8","0.8","0.8","0.8","2900","2016","05","19","Friday"
"NOS","2016-05-09","0.7","0.7","0.7","0.7","6300","2016","05","20","Monday"
"NOS","2016-05-10","0.7","0.8","0.7","0.8","4800","2016","05","20","Tuesday"
"NOS","2016-05-13","0.8","0.8","0.8","0.8","7000","2016","05","20","Friday"
"NOS","2016-05-18","0.7","0.8","0.7","0.8","200","2016","05","21","Wednesday"
"NOS","2016-05-20","0.7","0.7","0.7","0.7","59700","2016","05","21","Friday"
"NOS","2016-05-23","0.6","0.6","0.6","0.6","44100","2016","05","22","Monday"
"NOS","2016-05-24","0.5","0.6","0.5","0.6","1000","2016","05","22","Tuesday"
"NOS","2016-05-25","0.6","0.6","0.5","0.5","700","2016","05","22","Wednesday"
"NOS","2016-06-03","0.5","0.6","0.5","0.5","41700","2016","06","23","Friday"
"NOS","2016-06-10","0.5","0.6","0.5","0.6","2200","2016","06","24","Friday"
"NOS","2016-06-17","0.6","0.6","0.6","0.6","100","2016","06","25","Friday"
"NOS","2016-06-24","0.5","0.6","0.5","0.5","25500","2016","06","26","Friday"
"NOS","2016-07-01","0.5","0.5","0.5","0.5","2800","2016","07","27","Friday"
"NOS","2016-07-08","0.5","0.5","0.4","0.4","45200","2016","07","28","Friday"
"NOS","2016-07-15","0.5","0.5","0.5","0.5","3100","2016","07","29","Friday"
"NOS","2016-07-22","0.5","0.5","0.4","0.4","9500","2016","07","30","Friday"
"NOS","2016-08-05","0.4","0.4","0.4","0.4","7100","2016","08","32","Friday"
"NOS","2016-08-12","0.3","0.4","0.3","0.4","64200","2016","08","33","Friday"
"NOS","2016-08-19","0.3","0.3","0.3","0.3","100","2016","08","34","Friday"
"NOS","2016-09-09","0.3","0.4","0.3","0.4","2400","2016","09","37","Friday"
"NOS","2016-10-14","0.3","0.3","0.3","0.3","12900","2016","10","42","Friday"
"NOS","2016-10-28","0.3","0.3","0.3","0.3","1000","2016","10","44","Friday"
"NOS","2016-11-04","0.3","0.4","0.3","0.4","500","2016","11","45","Friday"
"NOS","2016-11-25","0.5","0.5","0.5","0.5","100","2016","11","48","Friday"
"NOS","2016-12-02","0.4","0.4","0.4","0.4","10100","2016","12","49","Friday"
"NOS","2016-12-16","0.3","0.3","0.3","0.3","6500","2016","12","51","Friday"
"NOS","2016-12-30","0.3","0.3","0.3","0.3","19800","2016","12","53","Friday"
"NOS","2017-01-06","0.3","0.3","0.3","0.3","18500","2017","01","1","Friday"
"NOS","2017-01-13","0.3","0.3","0.3","0.3","9100","2017","01","2","Friday"
"NOS","2017-02-03","0.4","0.4","0.3","0.4","25700","2017","02","5","Friday"
"NOS","2017-02-10","0.4","0.5","0.4","0.5","1000","2017","02","6","Friday"
"NOS","2017-02-17","0.5","0.5","0.4","0.5","31700","2017","02","7","Friday"
"NOS","2017-02-24","0.5","0.6","0.5","0.6","23900","2017","02","8","Friday"
"NOS","2017-03-10","0.5","0.5","0.5","0.5","100","2017","03","10","Friday"
"NOS","2017-03-17","0.5","0.5","0.4","0.4","1100","2017","03","11","Friday"
"NOS","2017-03-24","0.3","0.3","0.3","0.3","10700","2017","03","12","Friday"
"NOS","2017-03-31","0.3","0.4","0.3","0.4","30200","2017","03","13","Friday"
"NOS","2017-04-07","0.3","0.3","0.3","0.3","18600","2017","04","14","Friday"
"NOS","2017-04-21","0.3","0.4","0.3","0.4","1400","2017","04","16","Friday"
"NOS","2017-04-28","0.4","0.4","0.4","0.4","100","2017","04","17","Friday"
"NOS","2017-05-05","0.4","0.4","0.4","0.4","1300","2017","05","18","Friday"
"NOS","2017-05-12","0.3","0.4","0.3","0.4","21100","2017","05","19","Friday"
"NOS","2017-05-19","0.4","0.4","0.4","0.4","15","2017","05","20","Friday"
"NOS","2017-05-26","0.3","0.3","0.3","0.3","23700","2017","05","21","Friday"
"NOS","2017-06-02","0.4","0.4","0.4","0.4","46300","2017","06","22","Friday"
"NOS","2017-06-09","0.5","0.5","0.5","0.5","75300","2017","06","23","Friday"
"NOS","2017-06-16","0.5","0.6","0.5","0.5","55100","2017","06","24","Friday"
"NOS","2017-06-23","0.4","0.6","0.4","0.5","23900","2017","06","25","Friday"
"NOS","2017-06-30","0.5","0.5","0.5","0.5","24900","2017","06","26","Friday"
"NOS","2017-07-07","0.5","0.5","0.4","0.5","42815","2017","07","27","Friday"
"NOS","2017-07-14","0.5","0.5","0.5","0.5","22500","2017","07","28","Friday"
"NOS","2017-07-21","0.5","0.5","0.5","0.5","2000","2017","07","29","Friday"
"NOS","2017-07-28","0.4","0.5","0.4","0.5","5600","2017","07","30","Friday"
"NOS","2017-08-04","0.4","0.4","0.4","0.4","8100","2017","08","31","Friday"
"NOS","2017-08-11","0.4","0.4","0.4","0.4","30100","2017","08","32","Friday"
"NOS","2017-08-18","0.4","0.4","0.4","0.4","1400","2017","08","33","Friday"
"NOS","2017-08-21","0.4","0.4","0.4","0.4","1400","2017","08","34","Monday"
"NOS","2017-08-25","0.4","0.4","0.4","0.4","1600","2017","08","34","Friday"
"NOS","2017-09-01","0.4","0.4","0.4","0.4","3300","2017","09","35","Friday"
"NOS","2017-09-15","0.3","0.3","0.3","0.3","100","2017","09","37","Friday"
"NOS","2017-09-22","0.4","0.4","0.4","0.4","42100","2017","09","38","Friday"
"NOS","2017-10-06","0.4","0.4","0.4","0.4","17800","2017","10","40","Friday"
"NOS","2017-10-13","0.3","0.4","0.3","0.4","21810","2017","10","41","Friday"
"NOS","2017-10-20","0.4","0.4","0.4","0.4","30000","2017","10","42","Friday"
"NOS","2017-10-27","0.5","0.5","0.5","0.5","100","2017","10","43","Friday"
"NOS","2017-11-03","0.4","0.4","0.4","0.4","29600","2017","11","44","Friday"
"NOS","2017-11-17","0.4","0.4","0.4","0.4","6100","2017","11","46","Friday"
"NOS","2017-11-24","0.5","0.5","0.5","0.5","100","2017","11","47","Friday"
"NOS","2017-12-01","0.4","0.4","0.4","0.4","2800","2017","12","48","Friday"
"NOS","2017-12-08","0.4","0.4","0.4","0.4","1000","2017","12","49","Friday"
"NOS","2017-12-15","0.3","0.4","0.3","0.3","48500","2017","12","50","Friday"
"NOS","2017-12-22","0.4","0.4","0.4","0.4","5100","2017","12","51","Friday"
"NOS","2018-01-05","0.5","0.5","0.5","0.5","100","2018","01","1","Friday"
"NOS","2018-01-12","0.5","0.5","0.5","0.5","400","2018","01","2","Friday"
"NOS","2018-01-26","0.5","0.5","0.5","0.5","100","2018","01","4","Friday"
"NOS","2018-02-23","0.6","0.6","0.6","0.6","100","2018","02","8","Friday"
"NOS","2018-03-02","0.7","0.7","0.7","0.7","100","2018","03","9","Friday"
"NOS","2018-03-30","0.6","0.6","0.6","0.6","100","2018","03","13","Friday"
"NOS","2018-05-04","0.5","0.5","0.5","0.5","4000","2018","05","18","Friday"
"NOS","2018-05-11","0.4","0.4","0.4","0.4","3700","2018","05","19","Friday"
"NOS","2018-05-25","0.4","0.4","0.4","0.4","500","2018","05","21","Friday"
"NOS","2018-06-01","0.4","0.4","0.4","0.4","300","2018","06","22","Friday"
"NOS","2018-06-08","0.3","0.4","0.3","0.4","68100","2018","06","23","Friday"
"NOS","2018-06-15","0.4","0.4","0.4","0.4","100","2018","06","24","Friday"
"NOS","2018-06-29","0.3","0.3","0.3","0.3","18600","2018","06","26","Friday"
"NOS","2018-07-13","0.3","0.3","0.3","0.3","4800","2018","07","28","Friday"
"NOS","2018-08-03","0.4","0.4","0.4","0.4","100","2018","08","31","Friday"
"NOS","2018-08-17","0.3","0.3","0.3","0.3","11200","2018","08","33","Friday"
"NOS","2018-08-31","0.3","0.3","0.3","0.3","1121","2018","08","35","Friday"
"NOS","2018-09-07","0.4","0.4","0.4","0.4","800","2018","09","36","Friday"
"NOS","2018-09-14","0.4","0.4","0.4","0.4","5000","2018","09","37","Friday"
"NOS","2018-09-21","0.4","0.4","0.4","0.4","3200","2018","09","38","Friday"
"NOS","2018-09-28","0.4","0.4","0.4","0.4","5200","2018","09","39","Friday"
"NOS","2018-10-05","0.4","0.4","0.4","0.4","15","2018","10","40","Friday"
"NOS","2018-10-12","0.4","0.4","0.3","0.3","7200","2018","10","41","Friday"
"NOS","2018-10-19","0.4","0.4","0.4","0.4","300","2018","10","42","Friday"
"NOS","2018-10-26","0.4","0.4","0.4","0.4","1300","2018","10","43","Friday"
"NOS","2018-11-02","0.4","0.4","0.4","0.4","1800","2018","11","44","Friday"
"NOS","2018-11-16","0.4","0.4","0.4","0.4","1300","2018","11","46","Friday"
"NOS","2018-11-23","0.3","0.3","0.3","0.3","11900","2018","11","47","Friday"
"NOS","2018-12-07","0.4","0.4","0.4","0.4","1300","2018","12","49","Friday"
"NOS","2018-12-14","0.4","0.4","0.4","0.4","700","2018","12","50","Friday"
"NOS","2018-12-21","0.4","0.4","0.4","0.4","500","2018","12","51","Friday"
"NOS","2019-01-11","0.4","0.4","0.4","0.4","446","2019","01","2","Friday"
"NOS","2019-01-18","0.4","0.4","0.4","0.4","200","2019","01","3","Friday"
"NOS","2019-02-22","0.4","0.4","0.4","0.4","400","2019","02","8","Friday"
"NOS","2019-03-08","0.4","0.4","0.4","0.4","2111","2019","03","10","Friday"
"NOS","2019-03-15","0.4","0.4","0.3","0.3","10100","2019","03","11","Friday"
"NOS","2019-03-22","0.4","0.4","0.4","0.4","1000","2019","03","12","Friday"
"NOS","2019-03-29","0.4","0.4","0.4","0.4","200","2019","03","13","Friday"
"NOS","2019-04-05","0.4","0.4","0.4","0.4","300","2019","04","14","Friday"
"NOS","2019-04-12","0.4","0.4","0.4","0.4","100","2019","04","15","Friday"
"NOS","2019-04-19","0.4","0.4","0.4","0.4","1300","2019","04","16","Friday"
"NOS","2019-04-26","0.4","0.4","0.3","0.3","11500","2019","04","17","Friday"
"NOS","2019-05-10","0.3","0.3","0.3","0.3","10000","2019","05","19","Friday"
"NOS","2019-05-17","0.3","0.3","0.3","0.3","7800","2019","05","20","Friday"
"NOS","2019-05-24","0.2","0.3","0.2","0.3","9900","2019","05","21","Friday"
"NOS","2019-05-31","0.3","0.3","0.3","0.3","100","2019","05","22","Friday"
"NOS","2019-06-07","0.3","0.3","0.3","0.3","2600","2019","06","23","Friday"
"NOS","2019-08-02","0.3","0.3","0.3","0.3","1000","2019","08","31","Friday"
"NOS","2019-08-30","0.3","0.3","0.3","0.3","10000","2019","08","35","Friday"
"NOS","2019-09-13","0.3","0.3","0.3","0.3","500","2019","09","37","Friday"
"NOS","2019-10-04","0.3","0.3","0.3","0.3","200","2019","10","40","Friday"
"NOS","2019-10-18","0.4","0.4","0.4","0.4","100","2019","10","42","Friday"
"NOS","2019-10-25","0.3","0.3","0.3","0.3","400","2019","10","43","Friday"
"NOS","2019-11-08","0.3","0.3","0.3","0.3","2000","2019","11","45","Friday"
"NOS","2019-11-15","0.3","0.3","0.3","0.3","20600","2019","11","46","Friday"
"NOS","2019-11-22","0.4","0.4","0.4","0.4","1200","2019","11","47","Friday"
"NOS","2019-12-20","0.5","0.5","0.5","0.5","4000","2019","12","51","Friday"
"NOS","2020-01-10","0.6","0.6","0.6","0.6","1500","2020","01","2","Friday"
"NOS","2020-04-10","0.5","0.5","0.5","0.5","900","2020","04","15","Friday"
"NOS","2020-04-17","0.4","0.4","0.4","0.4","10000","2020","04","16","Friday"
"NOS","2020-04-24","0.3","0.3","0.3","0.3","20000","2020","04","17","Friday"
"NOS","2020-05-08","0.4","0.4","0.4","0.4","100","2020","05","19","Friday"
"NOS","2020-06-12","0.3","0.3","0.3","0.3","10100","2020","06","24","Friday"
"NOS","2020-06-19","0.4","0.4","0.4","0.4","100","2020","06","25","Friday"
"NOS","2020-07-03","0.3","0.3","0.3","0.3","1000","2020","07","27","Friday"
"NOS","2020-07-10","0.3","0.4","0.3","0.3","2500","2020","07","28","Friday"
"NOS","2020-07-17","0.3","0.3","0.3","0.3","2700","2020","07","29","Friday"
"NOS","2020-07-24","0.3","0.3","0.3","0.3","1300","2020","07","30","Friday"
"NOS","2020-08-28","0.3","0.3","0.2","0.2","800","2020","08","35","Friday"
"NOS","2020-09-04","0.3","0.3","0.3","0.3","1700","2020","09","36","Friday"
"NOS","2020-09-11","0.3","0.3","0.3","0.3","100","2020","09","37","Friday"
"NOS","2020-09-18","0.3","0.3","0.3","0.3","700","2020","09","38","Friday"
"NOS","2020-10-02","0.4","0.4","0.4","0.4","700","2020","10","40","Friday"
"NOS","2020-11-06","0.3","0.4","0.3","0.4","2200","2020","11","45","Friday"
"NOS","2020-11-13","0.4","0.4","0.4","0.4","5000","2020","11","46","Friday"
"NOS","2020-11-27","0.4","0.4","0.4","0.4","10000","2020","11","48","Friday"
"NOS","2020-12-04","0.3","0.3","0.3","0.3","35500","2020","12","49","Friday"
"NOS","2020-12-18","0.2","0.2","0.2","0.2","100","2020","12","51","Friday"
"NOS","2021-01-15","0.3","0.3","0.3","0.3","500","2021","01","3","Friday"
"NOS","2021-01-22","0.4","0.4","0.4","0.4","104000","2021","01","4","Friday"
"NOS","2021-01-29","0.5","0.5","0.5","0.5","42000","2021","01","5","Friday"
"NOS","2021-02-05","0.6","0.6","0.6","0.6","9200","2021","02","6","Friday"
"NOS","2021-02-19","0.5","0.6","0.5","0.6","13600","2021","02","8","Friday"
"NOS","2021-02-26","0.5","0.5","0.5","0.5","4900","2021","02","9","Friday"
"NOS","2021-03-05","0.5","0.5","0.5","0.5","11400","2021","03","10","Friday"
"NOS","2021-03-12","0.5","0.6","0.5","0.6","38500","2021","03","11","Friday"
"NOS","2021-03-19","0.6","0.6","0.5","0.5","17200","2021","03","12","Friday"
"NOS","2021-03-26","0.6","0.7","0.6","0.7","2900","2021","03","13","Friday"
"NOS","2021-04-02","0.7","0.7","0.7","0.7","7500","2021","04","14","Friday"
"NOS","2021-04-09","0.7","0.8","0.7","0.8","10500","2021","04","15","Friday"
"NOS","2021-04-16","0.9","0.9","0.9","0.9","40000","2021","04","16","Friday"
"NOS","2021-04-23","0.9","1","0.9","1","38600","2021","04","17","Friday"
"NOS","2021-05-07","1","1.1","1","1.1","21300","2021","05","19","Friday"
"NOS","2021-05-14","1.1","1.1","1.1","1.1","1200","2021","05","20","Friday"
"NOS","2021-05-21","1.2","1.2","1.2","1.2","3900","2021","05","21","Friday"
"NOS","2021-05-28","1.2","1.2","1.1","1.1","7700","2021","05","22","Friday"
"NOS","2021-06-04","1","1.2","1","1.2","39600","2021","06","23","Friday"
"NOS","2021-06-11","1.3","1.3","1.3","1.3","27000","2021","06","24","Friday"
"NOS","2021-06-18","1.2","1.2","1.2","1.2","1700","2021","06","25","Friday"
"NOS","2021-06-25","1.3","1.3","1.1","1.1","62600","2021","06","26","Friday"
"NOS","2021-07-02","1.1","1.3","1.1","1.3","87900","2021","07","27","Friday"
"NOS","2021-07-09","1.2","1.2","1.1","1.1","12400","2021","07","28","Friday"
"NOS","2021-07-16","1.2","1.2","1.1","1.2","27700","2021","07","29","Friday"
"NOS","2021-07-23","1","1","1","1","1100","2021","07","30","Friday"
"NOS","2021-07-30","0.9","1.1","0.9","1.1","9400","2021","07","31","Friday"
"NOS","2021-08-06","1.2","1.2","1.1","1.2","68400","2021","08","32","Friday"
"NOS","2021-08-13","1.2","1.3","1.1","1.2","89300","2021","08","33","Friday"
"NOS","2021-08-20","1.1","1.2","1.1","1.1","29300","2021","08","34","Friday"
"NOS","2021-08-27","1","1.1","1","1.1","34000","2021","08","35","Friday"
"NOS","2021-09-10","1.1","1.1","1.1","1.1","61600","2021","09","37","Friday"
"NOS","2021-09-17","1.2","1.2","1.2","1.2","66200","2021","09","38","Friday"
"NOS","2021-09-24","1.3","1.3","1.3","1.3","25100","2021","09","39","Friday"
"NOS","2021-10-01","1.4","1.4","1.4","1.4","5800","2021","10","40","Friday"
"NOS","2021-10-08","1.6","1.6","1.6","1.6","5200","2021","10","41","Friday"
"NOS","2021-10-15","1.8","1.8","1.8","1.8","23900","2021","10","42","Friday"
"NOS","2021-10-22","2","2","2","2","12600","2021","10","43","Friday"
"NOS","2021-10-29","2.3","2.3","2.3","2.3","18100","2021","10","44","Friday"
"NOS","2021-11-05","2.6","2.6","2.6","2.6","151000","2021","11","45","Friday"
"NOS","2021-11-12","2.9","2.9","2.9","2.9","10800","2021","11","46","Friday"
"NOS","2021-11-19","3.3","3.3","3.3","3.3","19400","2021","11","47","Friday"
"NOS","2021-11-26","3.7","3.7","2.9","3.3","151600","2021","11","48","Friday"
"NOS","2021-12-03","3.3","3.4","2.9","3","121000","2021","12","49","Friday"
"NOS","2021-12-10","2.6","3","2.6","2.6","68900","2021","12","50","Friday"
"NOS","2021-12-17","2.3","2.6","2.3","2.6","83800","2021","12","51","Friday"
"NOS","2021-12-24","2.1","2.5","2.1","2.4","73000","2021","12","52","Friday"
"NOS","2021-12-31","2.4","2.7","2.4","2.7","130500","2021","12","53","Friday"
"NOS","2022-01-07","2.9","3.1","2.9","3.1","105350","2022","01","1","Friday"
"NOS","2022-01-14","2.9","3.3","2.7","3.1","54235","2022","01","2","Friday"
"NOS","2022-01-21","2.9","2.9","2.5","2.5","64000","2022","01","3","Friday"
"NOS","2022-01-28","2.6","2.6","2.3","2.3","9800","2022","01","4","Friday"
"NOS","2022-02-11","2.3","2.6","2.3","2.5","59900","2022","02","6","Friday"
"NOS","2022-02-18","2.4","2.7","2.4","2.7","108901","2022","02","7","Friday"
"NOS","2022-02-25","2.6","2.7","2.5","2.6","24400","2022","02","8","Friday"
"NOS","2022-03-04","2.9","2.9","2.9","2.9","109500","2022","03","9","Friday"
"NOS","2022-03-11","3.3","3.3","3.3","3.3","127300","2022","03","10","Friday"
"NOS","2022-03-18","3.5","3.7","3.2","3.7","103100","2022","03","11","Friday"
"NOS","2022-03-25","4.2","4.2","3.9","4.2","176749","2022","03","12","Friday"
"NOS","2022-04-01","4.7","4.7","4.4","4.7","177515","2022","04","13","Friday"
"NOS","2022-04-08","5.2","5.2","5","5.2","154430","2022","04","14","Friday"
"NOS","2022-04-15","5.9","5.9","5.6","5.9","127200","2022","04","15","Friday"
"NOS","2022-04-22","5","5","5","5","11100","2022","04","16","Friday"
"NOS","2022-04-29","4.3","4.3","4.3","4.3","7500","2022","04","17","Friday"
"NOS","2022-05-06","3.7","3.7","3.7","3.7","2100","2022","05","18","Friday"
"NOS","2022-05-13","3.2","3.2","3.2","3.2","3800","2022","05","19","Friday"
"NOS","2022-05-20","2.8","2.8","2.8","2.8","53800","2022","05","20","Friday"
"NOS","2022-05-27","2.4","3.1","2.4","2.9","317978","2022","05","21","Friday"
"NOS","2022-06-03","2.4","2.5","2.3","2.5","77400","2022","06","22","Friday"
"NOS","2022-06-10","2.5","2.5","2.2","2.2","77700","2022","06","23","Friday"
"NOS","2022-06-17","2.1","2.1","2","2","16900","2022","06","24","Friday"
"NOS","2022-06-24","1.7","1.9","1.7","1.7","111800","2022","06","25","Friday"
"NOS","2022-07-01","1.7","1.7","1.5","1.7","52500","2022","07","26","Friday"
"NOS","2022-07-08","1.6","1.6","1.5","1.6","57300","2022","07","27","Friday"
"NOS","2022-07-15","1.6","1.8","1.6","1.8","61240","2022","07","28","Friday"
"NOS","2022-07-22","1.9","2","1.9","2","52900","2022","07","29","Friday"
"NOS","2022-07-29","2","2.3","2","2.1","92600","2022","07","30","Friday"
"NOS","2022-08-05","2","2.3","2","2.1","66900","2022","08","31","Friday"
"NOS","2022-08-12","2.2","2.2","2.1","2.1","8540","2022","08","32","Friday"
"NOS","2022-08-19","2.1","2.1","1.8","1.9","22618","2022","08","33","Friday"
"NOS","2022-08-26","1.7","1.9","1.7","1.9","16400","2022","08","34","Friday"
"NOS","2022-09-09","1.7","1.9","1.7","1.9","34300","2022","09","36","Friday"
"NOS","2022-09-16","1.9","2.1","1.9","1.9","10200","2022","09","37","Friday"
"NOS","2022-09-23","1.8","2","1.8","2","3300","2022","09","38","Friday"
"NOS","2022-09-30","1.7","1.8","1.7","1.7","5900","2022","09","39","Friday"
"NOS","2022-10-07","1.5","1.5","1.5","1.5","12400","2022","10","40","Friday"
"NOS","2022-10-14","1.5","1.5","1.5","1.5","10200","2022","10","41","Friday"
"NOS","2022-10-21","1.4","1.5","1.4","1.5","1500","2022","10","42","Friday"
"NOS","2022-10-28","1.2","1.4","1.2","1.4","500","2022","10","43","Friday"
"NOS","2022-11-04","1.2","1.2","1.1","1.1","23800","2022","11","44","Friday"
"NOS","2022-11-11","1.1","1.1","1","1","7000","2022","11","45","Friday"
"NOS","2022-11-18","1.1","1.2","1","1.1","40800","2022","11","46","Friday"
"NOS","2022-11-25","1.1","1.1","0.9","1","25300","2022","11","47","Friday"
"NOS","2022-12-02","1.1","1.1","1","1.1","112300","2022","12","48","Friday"
"NOS","2022-12-09","1.1","1.2","1","1.2","40300","2022","12","49","Friday"
"NOS","2022-12-16","1.2","1.2","1.2","1.2","27500","2022","12","50","Friday"
"NOS","2022-12-23","1.1","1.2","1.1","1.1","8600","2022","12","51","Friday"
"NOS","2022-12-30","1","1.2","1","1.2","8100","2022","12","52","Friday"
"NOS","2023-01-06","1.1","1.1","1.1","1.1","600","2023","01","1","Friday"
"NOS","2023-01-13","1.2","1.2","1.2","1.2","500","2023","01","2","Friday"
"NOS","2023-01-27","1.3","1.3","1.3","1.3","2200","2023","01","4","Friday"
"NOS","2023-02-03","1.4","1.4","1.3","1.3","1000","2023","02","5","Friday"
"NOS","2023-02-10","1.3","1.3","1.2","1.2","400","2023","02","6","Friday"
"NOS","2023-02-17","1.1","1.2","1.1","1.2","1000","2023","02","7","Friday"
